Player,Tm,Age,Pos,G,GS,QBrec,Cmp,Att,Cmp%,Yds,TD,TD%,Int,Int%,1D,Succ%,Lng,Y/A,AY/A,Y/C,Y/G,Rate▼,QBR,Sk,Yds,Sk%,NY/A,ANY/A,4QC,GWD
Brock Purdy*,SFO,24,QB,16,16,12-4-0,308,444,69.4,4280,31,7.0,11,2.5,192,54.7,76,9.6,9.9,13.9,267.5,113.0,72.8,28,153,5.9,8.74,9.01,,
Dak Prescott*,DAL,30,QB,17,17,12-5-0,410,590,69.5,4516,36,6.1,9,1.5,222,51.5,92,7.7,8.2,11.0,265.6,105.9,72.7,39,255,6.2,6.77,7.28,2,3
Kirk Cousins,MIN,35,QB,8,8,4-4-0,216,311,69.5,2331,18,5.8,5,1.6,112,46.6,62,7.5,7.9,10.8,291.4,103.8,63.2,17,110,5.2,6.77,7.18,,
Lamar Jackson*+,BAL,26,QB,16,16,13-3-0,307,457,67.2,3678,24,5.3,7,1.5,167,48.2,80,8.0,8.4,12.0,229.9,102.7,64.7,37,218,7.5,7.00,7.34,1,0
Tua Tagovailoa*,MIA,25,QB,17,17,11-6-0,388,560,69.3,4624,29,5.2,14,2.5,222,50.8,78,8.3,8.2,11.9,272.0,101.1,60.8,29,171,4.9,7.56,7.48,2,2
C.J. Stroud*,HOU,22,QB,15,15,9-6-0,319,499,63.9,4108,23,4.6,5,1.0,188,46.7,75,8.2,8.7,12.9,273.9,100.8,57.5,38,331,7.1,7.03,7.47,1,3
Jake Browning,CIN,27,QB,9,7,4-3-0,171,243,70.4,1936,12,4.9,7,2.9,93,48.3,80,8.0,7.7,11.3,215.1,98.4,60.1,24,169,9.0,6.62,6.34,2,2
Russell Wilson,DEN,35,QB,15,15,7-8-0,297,447,66.4,3070,26,5.8,8,1.8,135,43.3,60,6.9,7.2,10.3,204.7,98.0,50.7,45,258,9.1,5.72,6.04,4,4
Jared Goff,DET,29,QB,17,17,12-5-0,407,605,67.3,4575,30,5.0,12,2.0,227,50.9,70,7.6,7.7,11.2,269.1,97.9,60.3,30,197,4.7,6.89,6.99,2,3
Derek Carr,NOR,32,QB,17,17,9-8-0,375,548,68.4,3878,25,4.6,8,1.5,185,46.8,58,7.1,7.3,10.3,228.1,97.7,56.5,31,218,5.4,6.32,6.56,0,1
Jordan Love,GNB,25,QB,17,17,9-8-0,372,579,64.2,4159,32,5.5,11,1.9,209,47.6,77,7.2,7.4,11.2,244.6,96.1,62.1,30,242,4.9,6.43,6.67,2,3
Baker Mayfield*,TAM,28,QB,17,17,9-8-0,364,566,64.3,4044,28,4.9,10,1.8,188,44.7,75,7.1,7.3,11.1,237.9,94.6,54.3,40,232,6.6,6.29,6.47,1,2
Justin Herbert,LAC,25,QB,13,13,5-8-0,297,456,65.1,3134,20,4.4,7,1.5,150,46.2,60,6.9,7.1,10.6,241.1,93.2,64.1,29,233,6.0,5.98,6.16,1,1
Patrick Mahomes*,KAN,28,QB,16,16,10-6-0,401,597,67.2,4183,27,4.5,14,2.3,206,48.2,67,7.0,6.9,10.4,261.4,92.6,63.1,27,186,4.3,6.41,6.26,1,2
Matthew Stafford*,LAR,35,QB,15,15,9-6-0,326,521,62.6,3965,24,4.6,11,2.1,187,47.5,80,7.6,7.6,12.2,264.3,92.5,63.5,30,205,5.4,6.82,6.80,1,2
Josh Allen,BUF,27,QB,17,17,11-6-0,385,579,66.5,4306,29,5.0,18,3.1,199,50.7,81,7.4,7.0,11.2,253.3,92.2,69.6,24,152,4.0,6.89,6.51,2,4
Geno Smith*,SEA,33,QB,15,15,8-7-0,323,499,64.7,3624,20,4.0,9,1.8,169,47.2,73,7.3,7.3,11.2,241.6,92.1,59.5,31,231,5.8,6.40,6.39,4,5
Joe Burrow,CIN,27,QB,10,10,5-5-0,244,365,66.8,2309,15,4.1,6,1.6,115,46.0,64,6.3,6.4,9.5,230.9,91.0,51.6,24,180,6.2,5.47,5.55,,
Kyler Murray,ARI,26,QB,8,8,3-5-0,176,268,65.7,1799,10,3.7,5,1.9,88,43.7,48,6.7,6.6,10.2,224.9,89.4,47.2,18,119,6.3,5.87,5.79,2,2
Jalen Hurts*,PHI,25,QB,17,17,11-6-0,352,538,65.4,3858,23,4.3,15,2.8,185,46.7,63,7.2,6.8,11.0,226.9,89.1,60.1,36,222,6.3,6.33,5.96,3,4
Trevor Lawrence,JAX,24,QB,16,16,8-8-0,370,564,65.6,4016,21,3.7,14,2.5,179,46.4,65,7.1,6.7,10.9,251.0,88.5,56.1,35,224,5.8,6.33,5.98,1,2
Justin Fields,CHI,24,QB,13,13,5-8-0,227,370,61.4,2562,16,4.3,9,2.4,121,38.4,58,6.9,6.7,11.3,197.1,86.3,46.1,44,285,10.6,5.50,5.29,1,1
Gardner Minshew II*,IND,27,QB,17,13,7-6-0,305,490,62.2,3305,15,3.1,9,1.8,147,41.2,75,6.7,6.5,10.8,194.4,84.6,59.6,34,187,6.5,5.95,5.75,2,2
Will Levis,TEN,24,QB,9,9,3-6-0,149,255,58.4,1808,8,3.1,4,1.6,81,37.1,61,7.1,7.0,12.1,200.9,84.2,33.2,28,185,9.9,5.73,5.66,1,1
Aidan O'Connell,LVR,25,QB,11,10,5-5-0,213,343,62.1,2218,12,3.5,7,2.0,107,43.6,50,6.5,6.2,10.4,201.6,83.9,40.5,24,173,6.5,5.57,5.37,0,1
Desmond Ridder,ATL,24,QB,15,13,6-7-0,249,388,64.2,2836,12,3.1,12,3.1,136,45.3,71,7.3,6.5,11.4,189.1,83.4,40.1,31,197,7.4,6.30,5.58,2,4
Kenny Pickett,PIT,25,QB,12,12,7-5-0,201,324,62.0,2070,6,1.9,4,1.2,91,40.3,72,6.4,6.2,10.3,172.5,81.4,38.1,23,173,6.6,5.47,5.29,3,3
Joshua Dobbs,2TM,28,QB,13,12,3-9-0,262,417,62.8,2464,13,3.1,10,2.4,126,41.6,69,5.9,5.5,9.4,189.5,79.5,51.8,30,217,6.7,5.03,4.60,0,0
Sam Howell,WAS,23,QB,17,17,4-13-0,388,612,63.4,3946,21,3.4,21,3.4,180,42.7,51,6.4,5.6,10.2,232.1,78.9,42.4,65,449,9.6,5.17,4.39,2,2
Zach Wilson,NYJ,24,QB,12,11,4-7-0,221,368,60.1,2271,8,2.2,7,1.9,104,36.5,68,6.2,5.8,10.3,189.3,77.2,30.6,46,340,11.1,4.66,4.29,3,2
Mac Jones,NWE,25,QB,11,11,2-9-0,224,345,64.9,2120,10,2.9,12,3.5,100,43.3,58,6.1,5.2,9.5,192.7,77.0,36.7,22,127,6.0,5.43,4.50,1,1
Bryce Young,CAR,22,QB,16,16,2-14-0,315,527,59.8,2877,11,2.1,10,1.9,133,36.5,48,5.5,5.0,9.1,179.8,73.7,33.4,62,477,10.5,4.07,3.68,2,2
Brock Purdy*,SFO,24,QB,16,16,12-4-0,308,444,69.4,4280,31,7.0,11,2.5,192,54.7,76,9.6,9.9,13.9,267.5,113.0,72.8,28,153,5.9,8.74,9.01,,
Dak Prescott*,DAL,30,QB,17,17,12-5-0,410,590,69.5,4516,36,6.1,9,1.5,222,51.5,92,7.7,8.2,11.0,265.6,105.9,72.7,39,255,6.2,6.77,7.28,2,3
Kirk Cousins,MIN,35,QB,8,8,4-4-0,216,311,69.5,2331,18,5.8,5,1.6,112,46.6,62,7.5,7.9,10.8,291.4,103.8,63.2,17,110,5.2,6.77,7.18,,
Lamar Jackson*+,BAL,26,QB,16,16,13-3-0,307,457,67.2,3678,24,5.3,7,1.5,167,48.2,80,8.0,8.4,12.0,229.9,102.7,64.7,37,218,7.5,7.00,7.34,1,0
Tua Tagovailoa*,MIA,25,QB,17,17,11-6-0,388,560,69.3,4624,29,5.2,14,2.5,222,50.8,78,8.3,8.2,11.9,272.0,101.1,60.8,29,171,4.9,7.56,7.48,2,2
C.J. Stroud*,HOU,22,QB,15,15,9-6-0,319,499,63.9,4108,23,4.6,5,1.0,188,46.7,75,8.2,8.7,12.9,273.9,100.8,57.5,38,331,7.1,7.03,7.47,1,3
Jake Browning,CIN,27,QB,9,7,4-3-0,171,243,70.4,1936,12,4.9,7,2.9,93,48.3,80,8.0,7.7,11.3,215.1,98.4,60.1,24,169,9.0,6.62,6.34,2,2
Russell Wilson,DEN,35,QB,15,15,7-8-0,297,447,66.4,3070,26,5.8,8,1.8,135,43.3,60,6.9,7.2,10.3,204.7,98.0,50.7,45,258,9.1,5.72,6.04,4,4
Jared Goff,DET,29,QB,17,17,12-5-0,407,605,67.3,4575,30,5.0,12,2.0,227,50.9,70,7.6,7.7,11.2,269.1,97.9,60.3,30,197,4.7,6.89,6.99,2,3
Derek Carr,NOR,32,QB,17,17,9-8-0,375,548,68.4,3878,25,4.6,8,1.5,185,46.8,58,7.1,7.3,10.3,228.1,97.7,56.5,31,218,5.4,6.32,6.56,0,1
Jordan Love,GNB,25,QB,17,17,9-8-0,372,579,64.2,4159,32,5.5,11,1.9,209,47.6,77,7.2,7.4,11.2,244.6,96.1,62.1,30,242,4.9,6.43,6.67,2,3
Baker Mayfield*,TAM,28,QB,17,17,9-8-0,364,566,64.3,4044,28,4.9,10,1.8,188,44.7,75,7.1,7.3,11.1,237.9,94.6,54.3,40,232,6.6,6.29,6.47,1,2
Justin Herbert,LAC,25,QB,13,13,5-8-0,297,456,65.1,3134,20,4.4,7,1.5,150,46.2,60,6.9,7.1,10.6,241.1,93.2,64.1,29,233,6.0,5.98,6.16,1,1
Patrick Mahomes*,KAN,28,QB,16,16,10-6-0,401,597,67.2,4183,27,4.5,14,2.3,206,48.2,67,7.0,6.9,10.4,261.4,92.6,63.1,27,186,4.3,6.41,6.26,1,2
Matthew Stafford*,LAR,35,QB,15,15,9-6-0,326,521,62.6,3965,24,4.6,11,2.1,187,47.5,80,7.6,7.6,12.2,264.3,92.5,63.5,30,205,5.4,6.82,6.80,1,2
Josh Allen,BUF,27,QB,17,17,11-6-0,385,579,66.5,4306,29,5.0,18,3.1,199,50.7,81,7.4,7.0,11.2,253.3,92.2,69.6,24,152,4.0,6.89,6.51,2,4
Geno Smith*,SEA,33,QB,15,15,8-7-0,323,499,64.7,3624,20,4.0,9,1.8,169,47.2,73,7.3,7.3,11.2,241.6,92.1,59.5,31,231,5.8,6.40,6.39,4,5
Joe Burrow,CIN,27,QB,10,10,5-5-0,244,365,66.8,2309,15,4.1,6,1.6,115,46.0,64,6.3,6.4,9.5,230.9,91.0,51.6,24,180,6.2,5.47,5.55,,
Kyler Murray,ARI,26,QB,8,8,3-5-0,176,268,65.7,1799,10,3.7,5,1.9,88,43.7,48,6.7,6.6,10.2,224.9,89.4,47.2,18,119,6.3,5.87,5.79,2,2
Jalen Hurts*,PHI,25,QB,17,17,11-6-0,352,538,65.4,3858,23,4.3,15,2.8,185,46.7,63,7.2,6.8,11.0,226.9,89.1,60.1,36,222,6.3,6.33,5.96,3,4
Trevor Lawrence,JAX,24,QB,16,16,8-8-0,370,564,65.6,4016,21,3.7,14,2.5,179,46.4,65,7.1,6.7,10.9,251.0,88.5,56.1,35,224,5.8,6.33,5.98,1,2
Justin Fields,CHI,24,QB,13,13,5-8-0,227,370,61.4,2562,16,4.3,9,2.4,121,38.4,58,6.9,6.7,11.3,197.1,86.3,46.1,44,285,10.6,5.50,5.29,1,1
Gardner Minshew II*,IND,27,QB,17,13,7-6-0,305,490,62.2,3305,15,3.1,9,1.8,147,41.2,75,6.7,6.5,10.8,194.4,84.6,59.6,34,187,6.5,5.95,5.75,2,2
Will Levis,TEN,24,QB,9,9,3-6-0,149,255,58.4,1808,8,3.1,4,1.6,81,37.1,61,7.1,7.0,12.1,200.9,84.2,33.2,28,185,9.9,5.73,5.66,1,1
Aidan O'Connell,LVR,25,QB,11,10,5-5-0,213,343,62.1,2218,12,3.5,7,2.0,107,43.6,50,6.5,6.2,10.4,201.6,83.9,40.5,24,173,6.5,5.57,5.37,0,1
Desmond Ridder,ATL,24,QB,15,13,6-7-0,249,388,64.2,2836,12,3.1,12,3.1,136,45.3,71,7.3,6.5,11.4,189.1,83.4,40.1,31,197,7.4,6.30,5.58,2,4
Kenny Pickett,PIT,25,QB,12,12,7-5-0,201,324,62.0,2070,6,1.9,4,1.2,91,40.3,72,6.4,6.2,10.3,172.5,81.4,38.1,23,173,6.6,5.47,5.29,3,3
Joshua Dobbs,2TM,28,QB,13,12,3-9-0,262,417,62.8,2464,13,3.1,10,2.4,126,41.6,69,5.9,5.5,9.4,189.5,79.5,51.8,30,217,6.7,5.03,4.60,0,0
Sam Howell,WAS,23,QB,17,17,4-13-0,388,612,63.4,3946,21,3.4,21,3.4,180,42.7,51,6.4,5.6,10.2,232.1,78.9,42.4,65,449,9.6,5.17,4.39,2,2
Zach Wilson,NYJ,24,QB,12,11,4-7-0,221,368,60.1,2271,8,2.2,7,1.9,104,36.5,68,6.2,5.8,10.3,189.3,77.2,30.6,46,340,11.1,4.66,4.29,3,2
Mac Jones,NWE,25,QB,11,11,2-9-0,224,345,64.9,2120,10,2.9,12,3.5,100,43.3,58,6.1,5.2,9.5,192.7,77.0,36.7,22,127,6.0,5.43,4.50,1,1
Bryce Young,CAR,22,QB,16,16,2-14-0,315,527,59.8,2877,11,2.1,10,1.9,133,36.5,48,5.5,5.0,9.1,179.8,73.7,33.4,62,477,10.5,4.07,3.68,2,2
